Vlo-I;Vlo-O
4;4.0
6;6.0
8;8.0
10;10.0
26;26.0
32;32.0
33;33.0
43;43.0
50;50.0
52;52.0
54;54.0
86;86.0
88;88.0
110;33.0
110;110.0
112;112.0
200;200.0
201;201.0
202;202.0
203;203.0
207;207.0
251;251.0
253;253.0
255;255.0
265;265.0
267;267.0
269;269.0
271;271.0
273;273.0
275;275.0
277;277.0
279;279.0
281;281.0
283;283.0
285;285.0
287;287.0
289;289.0
291;291.0
293;293.0
295;295.0
297;297.0
300;300.0
301;301.0
302;302.0
304;304.0
305;305.0
306;306.0
307;307.0
308;308.0
312;312.0
314;314.0
316;316.0
318;318.0
320;320.0
322;322.0
324;324.0
326;326.0
328;328.0
330;330.0
334;334.0
336;336.0
340;340.0
342;342.0
344;344.0
346;346.0
348;348.0
350;350.0
352;352.0
366;366.0
380;380.0
382;382.0
384;384.0
386;386.0
388;388.0
390;390.0
400;400.0
402;402.0
404;404.0
406;406.0
410;410.0
414;414.0
430;430.0
432;432.0
434;434.0
439;439.0
443;443.0
445;445.0
448;448.0
449;449.0
455;455.0
461;461.0
481;481.0
486;486.0
492;492.0
500;500.0
502;502.0
510;510.0
530;530.0
532;532.0
536;536.0
546;546.0
572;572.0
574;574.0
576;576.0
582;582.0
592;592.0
600;600.0
602;602.0
622;622.0
632;632.0
638;638.0
642;642.0
700;700.0
702;702.0
704;704.0
706;706.0
708;708.0
750;750.0
752;752.0
755;755.0
757;757.0
763;763.0
801;801.0
805;805.0
833;833.0
841;841.0
843;843.0
864;864.0
888;888.0
890;890.0
892;892.0
895;895.0
897;897.0
1031;1031.0
1033;1033.0
1088;1088.0
1091;1091.0
1101;1101.0
1102;1102.0
1106;1106.0
1117;1117.0
1126;1126.0
1128;1128.0
1134;1134.0
1136;1136.0
1141;1141.0
1146;1146.0
1166;1166.0
1170;1170.0
1176;1176.0
1178;1178.0
1186;1186.0
1188;1188.0
1191;1191.0
1193;1193.0
1197;1197.0
1199;1199.0
1222;1222.0
1224;1224.0
1226;1226.0
1230;1230.0
1235;1235.0
1236;1236.0
1237;1237.0
1238;1238.0
1239;1239.0
1241;1241.0
1243;1243.0
1246;1246.0
1247;1247.0
1259;1259.0
1261;1261.0
1267;1267.0
1269;1269.0
1277;1277.0
1279;1279.0
1281;1281.0
1446;1446.0
2370;2370.0
2372;2372.0
2374;2374.0
2474;2474.0
7811;7811.0
7813;7813.0
7896;7896.0
7899;7899.0
7911;7911.0
1;1
1;1.0
10;10
100;100
1003;1003
1004;1004
1005;1005
1011;1011
1011;11
102;102
1025;1025
1031;1031
1033;1033
1034;1034
1035;1035
104;104
1041;1041
1043;1043
1050;1050
1051;1051
1052;1052
1054;1054
106;106
1061;1061
1065;1065
1071;1071
1071;71R
108;108
1083;1083
1088;1088
1091;1091
1099;1099
11;11
110;110
1101;1101
1102;1102
1103;1103
1104;1104
1104A;1104
1105;1105
1106;1106
1107;1107
1108;1108
1111;1111
1113;1113
1114;1114
1115;1115
1116;1116
112;112
1121;1121
1122;1122
1124;1124
1126;1126
1128;1128
1130;1130
1132;1132
1134;1134
1136;1136
1138;1138
114;114
114;114.0
114;114R
1140;1140
1142;1142
1146;1146
1148;1148
1149;1149.0
1151;1151
1154;1154
1155;1155
1158;1158
1159;1159
116;116
1165;1165
1166;1166
1167;1167
1168;1168
1169;1169
1170;1170
118;118
118;4118
1188;1188
1193;1193
1195;1195
1198;1198
1199;1199
120;120
120;120.0
1200;1200
1202;1202
1218;1218
122;122
122;122.0
1222;1222
1224;1224
1226;1226
1228;1228
1230;1230
1233;1233
1234;1234
1235;1235
1236;1236
1237;1237
1238;1238
1239;1239
124;124
124;124.0
1240;1240
1241;1241
1242;1242
1243;1243
1244;1244
1248;1248
1249;1249
1250;1250
1251;1251
1257;1257
126;126
126;126.0
1260;1260
1261;1261
1262;1262
1264;1264
1271;1271
1277;1277
1279;1279
128;128
128;128.0
1281;1281
1283;1283
1285;1285
1287;1287
1289;1289
1291;1291
13;13
130;130
130;130.0
1300;1300
1301;1301
1302;1302
1302;2640
132;132
1320;1320
1322;1322
1326;1326
1334;1334
134;134
134;134.0
1340;1340
1351;1351
1357;1357
1359;1359
136;136
136;136.0
1363;1363
138;138
138;138.0
14;14
14;14.0
140;140
140;140.0
1400;1400
142;142
142;142.0
1428;1428
144;144
144;144.0
1446;1446
146;146
146;146.0
146;9858
146;9860
148;148
148;148.0
1498;1304
1498;1498
15;15
150;150
150;150.0
1502;1502
1503;1503.0
152;152
152;152.0
1531;1531.0
154;154
154;154.0
1551;1551
156;156
156;156.0
158;158
158;158.0
160;160
160;160.0
1600;1600
162;162
162;162.0
164;164
164;164.0
166;166
166;166.0
168;168
168;168.0
17;17
170;170
170;170.0
1700;1700
1704;1700
1704;1704
1704;704
172;172
172;172.0
174;174
174;174.0
176;176
176;176.0
178;178
180;180
180;180.0
1800;1800
182;182
182;182.0
184;184
184;184.0
186;186
186;186.0
188;188
188;188.0
190;190
190;190.0
1906;1906
192;192
192;192.0
1927;1927
194;194
194;194.0
1946;1946
196;196
196;196.0
198;198
198;198.0
200;200
201;201
201;201.0
201;201R
202;202
203;203
203;203.0
204;202
205;205
205;205.0
207;207
207;207.0
207;207R
209;209
209;209.0
2092;2092
2093;2093
21;21
211;211
211;211.0
213;213
213;213.0
215;215
215;215.0
217;217
217;217.0
219;219
219;219.0
22;22
221;221
221;221.0
226;226
2287;1287
2287;2287
2291;1291
2291;2291
2297;1297
2297;2297
23;23
231;231
231;231.0
232;232.0
233;233
235;235
235;235.0
2364;2364
2366;2366
2368;2368
237;237
237;237.0
2370;2370
2372;2372
2374;1102
2374;2374
2378;2378
239;239
239;239.0
240;240
241;241
241;241.0
243;243
247;247
2474;2474
2478;2478
2486;2486
2488;2488
249;249
25;25
250;250
251;251
251;251.0
2518;2518
253;253
257;257
257;257.0
259;259
259;259.0
26;26
2600;2600
261;261
261;261.0
263;263
263;263.0
2632;2632
2636;2636
2638;2638
2640;2640
265;265
265;265.0
2650;2650
267;267
269;269
27;27
2702;2702
271;271
273;273
275;275
276;276
277;277
279;279
28;28
281;281
283;283
285;285
287;287
289;289
291;291
293;1101
293;293
295;295
297;297
3;3
30;30
300;300
3000;3000
302;302
302;304
304;304
306;306
308;308
31;1031
31;31
31;31.0
312;312
314;314
316;316
318;318
32;32
320;320
322;322
324;324
326;326
328;328
33;33
330;330
332;332
334;334
336;336
338;338
338;338R
340;340
342;342
344;344
346;346
348;348
35;35
35;35.0
350;350
352;352
354;354
356;356
358;358
3624;3624
366;366
368;368
37;37
37;37.0
372;372
374;374
376;376
378;378
380;380
382;382
384;384
386;386
388;388
39;39
39;39.0
390;390
396;396
4;4
400;1400
400;400
4000;4000
401;401
401;401A
401;401B
402;402
403;403
404;404
405;405
406;406
41;1041
41;41
41;43
410;410
4118;4118
414;414
43;43
43;43R
430;430
432;432
434;434
438;438
439;439
443;443
445;445
448;448
449;449
4495;4495
45;45
4501;1001
4501;1003
4501;4501
4503;1001
4503;1003
4503;1004
4503;1005
4503;1303
4503;4503
451;451
452;452
455;455
459;459
460;460
461;461
47;47
470;470
481;481
483;483
486;486
492;492
492;492R
495;495
4950;4950
5;5
50;50
500;1340
500;500
501;501
501;501.0
502;502
502;502R
503;502
503;503
503;503.0
504;504
506;506
507;507
507;507.0
51;51
510;510
52;52
521;521
521;521.0
523;523
53;53
53;53.0
530;1102
530;530
530;534
531;531
531;531.0
532;1318
532;532
534;534
536;536
54;54
543;543
543;543.0
546;546
55;55
551;551
551;551.0
553;553
553;553.0
555;555.0
57;57
57;57.0
572;572
574;574
576;576
582;582
59;59
59;59.0
591P;591P
592;592
6;6
60;60
600;1160
600;1300
600;600
602;602
604;604
61;61
61;61.0
620;620.0
622;622
622;622R
624;5924
624;624
624;922
63;63
63;63.0
630;630.0
632;632
634;634
636;2486
636;636
638;638
640;640
642;642
644;644
646;646
648;648
65;65
65;65.0
650;650
664;664
67;67
674;674
6830;6830
689;689
69;69
69;69.0
7;7
700;700
700;702
700;704
702;700
702;702
704;702
704;704
704;708
706;706
708;708
709;709
71;71
71;71R
73;73
741;741
75;75
750;750
752;752
760;760
7661;7661
7663;7663
77;77
7704;7704
772;772
7721;7721
776;776
778;778
7811;1061
7811;1101
7811;1103
7811;7811
7813;1071
7813;7813
7896;7896
7899;7899
7959;7959
798;798
8;8
800;800
800;800.0
801;801
802;802
802;802.0
802;802R
8021;8021
8023;8023
8027;8027
8029;8029
804;804
804;804.0
805;805
8069;8069
8073;8073
8075;8075
8083;8083
8099;8099
81;81
8125;8125
8131;8131
8137;8137
8160;8160
8161;8161
83;83
833;833
841;841
843;843
845;845
846;2726
846;846
846;846A
846A;2804
849;849
85;85
8519;8519
8525;8525
8541;8541
8542;8542
86;86
864;864
8665;8665
87;87
87;87.0
88;88
888;888
89;89
890;890
892;892
895;895
897;897
9;9
9;9.0
900;900
9000;9000
902;902
906;906
91;91
91;91.0
910;910
912;912
92;92
9244;9244
9245;9245
9246;9246
9247;9247
9261;9261
9268;9268
9272;9272
9289;9289
93;2093
93;93
93;93.0
930;930
9301;9301
9303;9303
932;932
934;934
9362;9362
940;940
940P;940
942;942
9461;9461
95;95
95;95.0
9510;9510
952;952
954;954
9540;9540
9600;9600
9601;9601
9615;9615
9622;9622
9623;9623
9625;9625
9629;9629
9643;9643
9651;9651
9653;9653
9659;9659
9661;9661
9662;9662
9673;9673
968;968
9689;9689
97;97
97;97.0
970;970
9701;9701
972;972
9782;9782
98;98
9851;9851
986;986
988;988
989P;989
99;99
99;99.0
991;991
993;993
9955;9955
9956;9956
